角色编号,组号,图内位置,文件路径,原三视图路径,原文件名
001,01,左上,groups/group-01_001_002_003_004_005.png,../001/001.png,组01_001_002_003_004_005_抬头看镜头_5角色.png
002,01,中上,groups/group-01_001_002_003_004_005.png,../002/002.png,组01_001_002_003_004_005_抬头看镜头_5角色.png
003,01,右上,groups/group-01_001_002_003_004_005.png,../003/003.png,组01_001_002_003_004_005_抬头看镜头_5角色.png
004,01,左下,groups/group-01_001_002_003_004_005.png,../004/004.png,组01_001_002_003_004_005_抬头看镜头_5角色.png
005,01,中下,groups/group-01_001_002_003_004_005.png,../005/005.png,组01_001_002_003_004_005_抬头看镜头_5角色.png
006,02,左上,groups/group-02_006_007_008_009_010.png,../006/006.png,组02_006_007_008_009_010_抬头看镜头_5角色.png
007,02,中上,groups/group-02_006_007_008_009_010.png,../007/007.png,组02_006_007_008_009_010_抬头看镜头_5角色.png
008,02,右上,groups/group-02_006_007_008_009_010.png,../008/008.png,组02_006_007_008_009_010_抬头看镜头_5角色.png
009,02,左下,groups/group-02_006_007_008_009_010.png,../009/009.png,组02_006_007_008_009_010_抬头看镜头_5角色.png
010,02,中下,groups/group-02_006_007_008_009_010.png,../010/010.png,组02_006_007_008_009_010_抬头看镜头_5角色.png
011,03,左上,groups/group-03_011_012_013_014_015.png,../011/011.png,组03_011_012_013_014_015_抬头看镜头_5角色.png
012,03,中上,groups/group-03_011_012_013_014_015.png,../012/012.png,组03_011_012_013_014_015_抬头看镜头_5角色.png
013,03,右上,groups/group-03_011_012_013_014_015.png,../013/013.png,组03_011_012_013_014_015_抬头看镜头_5角色.png
014,03,左下,groups/group-03_011_012_013_014_015.png,../014/014.png,组03_011_012_013_014_015_抬头看镜头_5角色.png
015,03,中下,groups/group-03_011_012_013_014_015.png,../015/015.png,组03_011_012_013_014_015_抬头看镜头_5角色.png
016,04,左上,groups/group-04_016_017_019_020_022.png,../016/016.png,组04_016_017_019_020_022_抬头看镜头_5角色.png
017,04,中上,groups/group-04_016_017_019_020_022.png,../017/017.png,组04_016_017_019_020_022_抬头看镜头_5角色.png
019,04,右上,groups/group-04_016_017_019_020_022.png,../019/019.png,组04_016_017_019_020_022_抬头看镜头_5角色.png
020,04,左下,groups/group-04_016_017_019_020_022.png,../020/020.png,组04_016_017_019_020_022_抬头看镜头_5角色.png
022,04,中下,groups/group-04_016_017_019_020_022.png,../022/022.png,组04_016_017_019_020_022_抬头看镜头_5角色.png
023,05,左上,groups/group-05_023_024_025_026_027.png,../023/023.png,组05_023_024_025_026_027_抬头看镜头_5角色.png
024,05,中上,groups/group-05_023_024_025_026_027.png,../024/024.png,组05_023_024_025_026_027_抬头看镜头_5角色.png
025,05,右上,groups/group-05_023_024_025_026_027.png,../025/025.png,组05_023_024_025_026_027_抬头看镜头_5角色.png
026,05,左下,groups/group-05_023_024_025_026_027.png,../026/026.png,组05_023_024_025_026_027_抬头看镜头_5角色.png
027,05,中下,groups/group-05_023_024_025_026_027.png,../027/027.png,组05_023_024_025_026_027_抬头看镜头_5角色.png
028,06,左上,groups/group-06_028_029_030_031_032.png,../028/028.png,组06_028_029_030_031_032_抬头看镜头_5角色.png
029,06,中上,groups/group-06_028_029_030_031_032.png,../029/029.png,组06_028_029_030_031_032_抬头看镜头_5角色.png
030,06,右上,groups/group-06_028_029_030_031_032.png,../030/030.png,组06_028_029_030_031_032_抬头看镜头_5角色.png
031,06,左下,groups/group-06_028_029_030_031_032.png,../031/031.png,组06_028_029_030_031_032_抬头看镜头_5角色.png
032,06,中下,groups/group-06_028_029_030_031_032.png,../032/032.png,组06_028_029_030_031_032_抬头看镜头_5角色.png
033,07,左上,groups/group-07_033_034_035_036_037.png,../033/033.png,组07_033_034_035_036_037_抬头看镜头_5角色.png
034,07,中上,groups/group-07_033_034_035_036_037.png,../034/034.png,组07_033_034_035_036_037_抬头看镜头_5角色.png
035,07,右上,groups/group-07_033_034_035_036_037.png,../035/035.png,组07_033_034_035_036_037_抬头看镜头_5角色.png
036,07,左下,groups/group-07_033_034_035_036_037.png,../036/036.png,组07_033_034_035_036_037_抬头看镜头_5角色.png
037,07,中下,groups/group-07_033_034_035_036_037.png,../037/037.png,组07_033_034_035_036_037_抬头看镜头_5角色.png
038,08,左上,groups/group-08_038_039_040_041_042.png,../038/038.png,组08_038_039_040_041_042_抬头看镜头_5角色.png
039,08,中上,groups/group-08_038_039_040_041_042.png,../039/039.png,组08_038_039_040_041_042_抬头看镜头_5角色.png
040,08,右上,groups/group-08_038_039_040_041_042.png,../040/040.png,组08_038_039_040_041_042_抬头看镜头_5角色.png
041,08,左下,groups/group-08_038_039_040_041_042.png,../041/041.png,组08_038_039_040_041_042_抬头看镜头_5角色.png
042,08,中下,groups/group-08_038_039_040_041_042.png,../042/042.png,组08_038_039_040_041_042_抬头看镜头_5角色.png
043,09,左上,groups/group-09_043_044_045_046_047.png,../043/043.png,组09_043_044_045_046_047_抬头看镜头_5角色.png
044,09,中上,groups/group-09_043_044_045_046_047.png,../044/044.png,组09_043_044_045_046_047_抬头看镜头_5角色.png
045,09,右上,groups/group-09_043_044_045_046_047.png,../045/045.png,组09_043_044_045_046_047_抬头看镜头_5角色.png
046,09,左下,groups/group-09_043_044_045_046_047.png,../046/046.png,组09_043_044_045_046_047_抬头看镜头_5角色.png
047,09,中下,groups/group-09_043_044_045_046_047.png,../047/047.png,组09_043_044_045_046_047_抬头看镜头_5角色.png
048,10,左上,groups/group-10_048_049_050_051_052.png,../048/048.png,组10_048_049_050_051_052_抬头看镜头_5角色.png
049,10,中上,groups/group-10_048_049_050_051_052.png,../049/049.png,组10_048_049_050_051_052_抬头看镜头_5角色.png
050,10,右上,groups/group-10_048_049_050_051_052.png,../050/050.png,组10_048_049_050_051_052_抬头看镜头_5角色.png
051,10,左下,groups/group-10_048_049_050_051_052.png,../051/051.png,组10_048_049_050_051_052_抬头看镜头_5角色.png
052,10,中下,groups/group-10_048_049_050_051_052.png,../052/052.png,组10_048_049_050_051_052_抬头看镜头_5角色.png
053,11,左上,groups/group-11_053_054_055_056_057.png,../053/053.png,组11_053_054_055_056_057_抬头看镜头_5角色.png
054,11,中上,groups/group-11_053_054_055_056_057.png,../054/054.png,组11_053_054_055_056_057_抬头看镜头_5角色.png
055,11,右上,groups/group-11_053_054_055_056_057.png,../055/055.png,组11_053_054_055_056_057_抬头看镜头_5角色.png
056,11,左下,groups/group-11_053_054_055_056_057.png,../056/056.png,组11_053_054_055_056_057_抬头看镜头_5角色.png
057,11,中下,groups/group-11_053_054_055_056_057.png,../057/057.png,组11_053_054_055_056_057_抬头看镜头_5角色.png
058,12,左上,groups/group-12_058_059_060_061_062.png,../058/058.png,组12_058_059_060_061_062_抬头看镜头_5角色.png
059,12,中上,groups/group-12_058_059_060_061_062.png,../059/059.png,组12_058_059_060_061_062_抬头看镜头_5角色.png
060,12,右上,groups/group-12_058_059_060_061_062.png,../060/060.png,组12_058_059_060_061_062_抬头看镜头_5角色.png
061,12,左下,groups/group-12_058_059_060_061_062.png,../061/061.png,组12_058_059_060_061_062_抬头看镜头_5角色.png
062,12,中下,groups/group-12_058_059_060_061_062.png,../062/062.png,组12_058_059_060_061_062_抬头看镜头_5角色.png
063,13,左上,groups/group-13_063_064_065_066_067.png,../063/063.png,组13_063_064_065_066_067_抬头看镜头_5角色.png
064,13,中上,groups/group-13_063_064_065_066_067.png,../064/064.png,组13_063_064_065_066_067_抬头看镜头_5角色.png
065,13,右上,groups/group-13_063_064_065_066_067.png,../065/065.png,组13_063_064_065_066_067_抬头看镜头_5角色.png
066,13,左下,groups/group-13_063_064_065_066_067.png,../066/066.png,组13_063_064_065_066_067_抬头看镜头_5角色.png
067,13,中下,groups/group-13_063_064_065_066_067.png,../067/067.png,组13_063_064_065_066_067_抬头看镜头_5角色.png
068,14,左上,groups/group-14_068_069_070_071_072.png,../068/068.png,组14_068_069_070_071_072_抬头看镜头_5角色.png
069,14,中上,groups/group-14_068_069_070_071_072.png,../069/069.png,组14_068_069_070_071_072_抬头看镜头_5角色.png
070,14,右上,groups/group-14_068_069_070_071_072.png,../070/070.png,组14_068_069_070_071_072_抬头看镜头_5角色.png
071,14,左下,groups/group-14_068_069_070_071_072.png,../071/071.png,组14_068_069_070_071_072_抬头看镜头_5角色.png
072,14,中下,groups/group-14_068_069_070_071_072.png,../072/072.png,组14_068_069_070_071_072_抬头看镜头_5角色.png
073,15,左上,groups/group-15_073_074_075_076_077.png,../073/073.png,组15_073_074_075_076_077_抬头看镜头_5角色.png
074,15,中上,groups/group-15_073_074_075_076_077.png,../074/074.png,组15_073_074_075_076_077_抬头看镜头_5角色.png
075,15,右上,groups/group-15_073_074_075_076_077.png,../075/075.png,组15_073_074_075_076_077_抬头看镜头_5角色.png
076,15,左下,groups/group-15_073_074_075_076_077.png,../076/076.png,组15_073_074_075_076_077_抬头看镜头_5角色.png
077,15,中下,groups/group-15_073_074_075_076_077.png,../077/077.png,组15_073_074_075_076_077_抬头看镜头_5角色.png
078,16,左上,groups/group-16_078_079_080_081_082.png,../078/078.png,组16_078_079_080_081_082_抬头看镜头_5角色.png
079,16,中上,groups/group-16_078_079_080_081_082.png,../079/079.png,组16_078_079_080_081_082_抬头看镜头_5角色.png
080,16,右上,groups/group-16_078_079_080_081_082.png,../080/080.png,组16_078_079_080_081_082_抬头看镜头_5角色.png
081,16,左下,groups/group-16_078_079_080_081_082.png,../081/081.png,组16_078_079_080_081_082_抬头看镜头_5角色.png
082,16,中下,groups/group-16_078_079_080_081_082.png,../082/082.png,组16_078_079_080_081_082_抬头看镜头_5角色.png
083,17,左上,groups/group-17_083_084_085_086_087.png,../083/083.png,组17_083_084_085_086_087_抬头看镜头_5角色.png
084,17,中上,groups/group-17_083_084_085_086_087.png,../084/084.png,组17_083_084_085_086_087_抬头看镜头_5角色.png
085,17,右上,groups/group-17_083_084_085_086_087.png,../085/085.png,组17_083_084_085_086_087_抬头看镜头_5角色.png
086,17,左下,groups/group-17_083_084_085_086_087.png,../086/086.png,组17_083_084_085_086_087_抬头看镜头_5角色.png
087,17,中下,groups/group-17_083_084_085_086_087.png,../087/087.png,组17_083_084_085_086_087_抬头看镜头_5角色.png
088,18,左上,groups/group-18_088_089_090_091_092.png,../088/088.png,组18_088_089_090_091_092_抬头看镜头_5角色.png
089,18,中上,groups/group-18_088_089_090_091_092.png,../089/089.png,组18_088_089_090_091_092_抬头看镜头_5角色.png
090,18,右上,groups/group-18_088_089_090_091_092.png,../090/090.png,组18_088_089_090_091_092_抬头看镜头_5角色.png
091,18,左下,groups/group-18_088_089_090_091_092.png,../091/091.png,组18_088_089_090_091_092_抬头看镜头_5角色.png
092,18,中下,groups/group-18_088_089_090_091_092.png,../092/092.png,组18_088_089_090_091_092_抬头看镜头_5角色.png
093,19,左上,groups/group-19_093_094_095_096_097.png,../093/093.png,组19_093_094_095_096_097_抬头看镜头_5角色.png
094,19,中上,groups/group-19_093_094_095_096_097.png,../094/094.png,组19_093_094_095_096_097_抬头看镜头_5角色.png
095,19,右上,groups/group-19_093_094_095_096_097.png,../095/095.png,组19_093_094_095_096_097_抬头看镜头_5角色.png
096,19,左下,groups/group-19_093_094_095_096_097.png,../096/096.png,组19_093_094_095_096_097_抬头看镜头_5角色.png
097,19,中下,groups/group-19_093_094_095_096_097.png,../097/097.png,组19_093_094_095_096_097_抬头看镜头_5角色.png
098,20,左上,groups/group-20_098_099_100_101_102.png,../098/098.png,组20_098_099_100_101_102_抬头看镜头_5角色.png
099,20,中上,groups/group-20_098_099_100_101_102.png,../099/099.png,组20_098_099_100_101_102_抬头看镜头_5角色.png
100,20,右上,groups/group-20_098_099_100_101_102.png,../100/100.png,组20_098_099_100_101_102_抬头看镜头_5角色.png
101,20,左下,groups/group-20_098_099_100_101_102.png,../101/101.png,组20_098_099_100_101_102_抬头看镜头_5角色.png
102,20,中下,groups/group-20_098_099_100_101_102.png,../102/102.png,组20_098_099_100_101_102_抬头看镜头_5角色.png
103,21,左上,groups/group-21_103_104_105_106_107.png,../103/103.png,组21_103_104_105_106_107_抬头看镜头_5角色.png
104,21,中上,groups/group-21_103_104_105_106_107.png,../104/104.png,组21_103_104_105_106_107_抬头看镜头_5角色.png
105,21,右上,groups/group-21_103_104_105_106_107.png,../105/105.png,组21_103_104_105_106_107_抬头看镜头_5角色.png
106,21,左下,groups/group-21_103_104_105_106_107.png,../106/106.png,组21_103_104_105_106_107_抬头看镜头_5角色.png
107,21,中下,groups/group-21_103_104_105_106_107.png,../107/107.png,组21_103_104_105_106_107_抬头看镜头_5角色.png
108,22,左上,groups/group-22_108_109_110_112_113.png,../108/108.png,组22_108_109_110_112_113_抬头看镜头_5角色.png
109,22,中上,groups/group-22_108_109_110_112_113.png,../109/109.png,组22_108_109_110_112_113_抬头看镜头_5角色.png
110,22,右上,groups/group-22_108_109_110_112_113.png,../110/110.png,组22_108_109_110_112_113_抬头看镜头_5角色.png
112,22,左下,groups/group-22_108_109_110_112_113.png,../112/112.png,组22_108_109_110_112_113_抬头看镜头_5角色.png
113,22,中下,groups/group-22_108_109_110_112_113.png,../113/113.png,组22_108_109_110_112_113_抬头看镜头_5角色.png
114,23,左上,groups/group-23_114_115_116_117_118.png,../114/114.png,组23_114_115_116_117_118_抬头看镜头_5角色.png
115,23,中上,groups/group-23_114_115_116_117_118.png,../115/115.png,组23_114_115_116_117_118_抬头看镜头_5角色.png
116,23,右上,groups/group-23_114_115_116_117_118.png,../116/116.png,组23_114_115_116_117_118_抬头看镜头_5角色.png
117,23,左下,groups/group-23_114_115_116_117_118.png,../117/117.png,组23_114_115_116_117_118_抬头看镜头_5角色.png
118,23,中下,groups/group-23_114_115_116_117_118.png,../118/118.png,组23_114_115_116_117_118_抬头看镜头_5角色.png
119,24,左上,groups/group-24_119_120_121_122_123.png,../119/119.png,组24_119_120_121_122_123_抬头看镜头_5角色.png
120,24,中上,groups/group-24_119_120_121_122_123.png,../120/120.png,组24_119_120_121_122_123_抬头看镜头_5角色.png
121,24,右上,groups/group-24_119_120_121_122_123.png,../121/121.png,组24_119_120_121_122_123_抬头看镜头_5角色.png
122,24,左下,groups/group-24_119_120_121_122_123.png,../122/122.png,组24_119_120_121_122_123_抬头看镜头_5角色.png
123,24,中下,groups/group-24_119_120_121_122_123.png,../123/123.png,组24_119_120_121_122_123_抬头看镜头_5角色.png
124,25,左上,groups/group-25_124_125_126_127_128.png,../124/124.png,组25_124_125_126_127_128_抬头看镜头_5角色.png
125,25,中上,groups/group-25_124_125_126_127_128.png,../125/125.png,组25_124_125_126_127_128_抬头看镜头_5角色.png
126,25,右上,groups/group-25_124_125_126_127_128.png,../126/126.png,组25_124_125_126_127_128_抬头看镜头_5角色.png
127,25,左下,groups/group-25_124_125_126_127_128.png,../127/127.png,组25_124_125_126_127_128_抬头看镜头_5角色.png
128,25,中下,groups/group-25_124_125_126_127_128.png,../128/128.png,组25_124_125_126_127_128_抬头看镜头_5角色.png
129,26,左上,groups/group-26_129_130_131_132_133.png,../129/129.png,组26_129_130_131_132_133_抬头看镜头_5角色.png
130,26,中上,groups/group-26_129_130_131_132_133.png,../130/130.png,组26_129_130_131_132_133_抬头看镜头_5角色.png
131,26,右上,groups/group-26_129_130_131_132_133.png,../131/131.png,组26_129_130_131_132_133_抬头看镜头_5角色.png
132,26,左下,groups/group-26_129_130_131_132_133.png,../132/132.png,组26_129_130_131_132_133_抬头看镜头_5角色.png
133,26,中下,groups/group-26_129_130_131_132_133.png,../133/133.png,组26_129_130_131_132_133_抬头看镜头_5角色.png
134,27,左上,groups/group-27_134_135_136_137_138.png,../134/134.png,组27_134_135_136_137_138_抬头看镜头_5角色.png
135,27,中上,groups/group-27_134_135_136_137_138.png,../135/135.png,组27_134_135_136_137_138_抬头看镜头_5角色.png
136,27,右上,groups/group-27_134_135_136_137_138.png,../136/136.png,组27_134_135_136_137_138_抬头看镜头_5角色.png
137,27,左下,groups/group-27_134_135_136_137_138.png,../137/137.png,组27_134_135_136_137_138_抬头看镜头_5角色.png
138,27,中下,groups/group-27_134_135_136_137_138.png,../138/138.png,组27_134_135_136_137_138_抬头看镜头_5角色.png
139,28,左上,groups/group-28_139_140_141_142_143.png,../139/139.png,组28_139_140_141_142_143_抬头看镜头_5角色.png
140,28,中上,groups/group-28_139_140_141_142_143.png,../140/140.png,组28_139_140_141_142_143_抬头看镜头_5角色.png
141,28,右上,groups/group-28_139_140_141_142_143.png,../141/141.png,组28_139_140_141_142_143_抬头看镜头_5角色.png
142,28,左下,groups/group-28_139_140_141_142_143.png,../142/142.png,组28_139_140_141_142_143_抬头看镜头_5角色.png
143,28,中下,groups/group-28_139_140_141_142_143.png,../143/143.png,组28_139_140_141_142_143_抬头看镜头_5角色.png
144,29,左上,groups/group-29_144_145_146_147_148.png,../144/144.png,组29_144_145_146_147_148_抬头看镜头_5角色.png
145,29,中上,groups/group-29_144_145_146_147_148.png,../145/145.png,组29_144_145_146_147_148_抬头看镜头_5角色.png
146,29,右上,groups/group-29_144_145_146_147_148.png,../146/146.png,组29_144_145_146_147_148_抬头看镜头_5角色.png
147,29,左下,groups/group-29_144_145_146_147_148.png,../147/147.png,组29_144_145_146_147_148_抬头看镜头_5角色.png
148,29,中下,groups/group-29_144_145_146_147_148.png,../148/148.png,组29_144_145_146_147_148_抬头看镜头_5角色.png
149,30,左上,groups/group-30_149_150_151_152_153.png,../149/149.png,组30_149_150_151_152_153_抬头看镜头_5角色.png
150,30,中上,groups/group-30_149_150_151_152_153.png,../150/150.png,组30_149_150_151_152_153_抬头看镜头_5角色.png
151,30,右上,groups/group-30_149_150_151_152_153.png,../151/151.png,组30_149_150_151_152_153_抬头看镜头_5角色.png
152,30,左下,groups/group-30_149_150_151_152_153.png,../152/152.png,组30_149_150_151_152_153_抬头看镜头_5角色.png
153,30,中下,groups/group-30_149_150_151_152_153.png,../153/153.png,组30_149_150_151_152_153_抬头看镜头_5角色.png
154,31,左上,groups/group-31_154_155_156_157_159.png,../154/154.png,组31_154_155_156_157_159_抬头看镜头_5角色.png
155,31,中上,groups/group-31_154_155_156_157_159.png,../155/155.png,组31_154_155_156_157_159_抬头看镜头_5角色.png
156,31,右上,groups/group-31_154_155_156_157_159.png,../156/156.png,组31_154_155_156_157_159_抬头看镜头_5角色.png
157,31,左下,groups/group-31_154_155_156_157_159.png,../157/157.png,组31_154_155_156_157_159_抬头看镜头_5角色.png
159,31,中下,groups/group-31_154_155_156_157_159.png,../159/159.png,组31_154_155_156_157_159_抬头看镜头_5角色.png
160,32,左上,groups/group-32_160_161_162_163_164.png,../160/160.png,组32_160_161_162_163_164_抬头看镜头_5角色.png
161,32,中上,groups/group-32_160_161_162_163_164.png,../161/161.png,组32_160_161_162_163_164_抬头看镜头_5角色.png
162,32,右上,groups/group-32_160_161_162_163_164.png,../162/162.png,组32_160_161_162_163_164_抬头看镜头_5角色.png
163,32,左下,groups/group-32_160_161_162_163_164.png,../163/163.png,组32_160_161_162_163_164_抬头看镜头_5角色.png
164,32,中下,groups/group-32_160_161_162_163_164.png,../164/164.png,组32_160_161_162_163_164_抬头看镜头_5角色.png
166,33,左上,groups/group-33_166_167_168_169_170.png,../166/166.png,组33_166_167_168_169_170_抬头看镜头_5角色.png
167,33,中上,groups/group-33_166_167_168_169_170.png,../167/167.png,组33_166_167_168_169_170_抬头看镜头_5角色.png
168,33,右上,groups/group-33_166_167_168_169_170.png,../168/168.png,组33_166_167_168_169_170_抬头看镜头_5角色.png
169,33,左下,groups/group-33_166_167_168_169_170.png,../169/169.png,组33_166_167_168_169_170_抬头看镜头_5角色.png
170,33,中下,groups/group-33_166_167_168_169_170.png,../170/170.png,组33_166_167_168_169_170_抬头看镜头_5角色.png
171,34,左上,groups/group-34_171_172_173_174_175.png,../171/171.png,组34_171_172_173_174_175_抬头看镜头_5角色.png
172,34,中上,groups/group-34_171_172_173_174_175.png,../172/172.png,组34_171_172_173_174_175_抬头看镜头_5角色.png
173,34,右上,groups/group-34_171_172_173_174_175.png,../173/173.png,组34_171_172_173_174_175_抬头看镜头_5角色.png
174,34,左下,groups/group-34_171_172_173_174_175.png,../174/174.png,组34_171_172_173_174_175_抬头看镜头_5角色.png
175,34,中下,groups/group-34_171_172_173_174_175.png,../175/175.png,组34_171_172_173_174_175_抬头看镜头_5角色.png
176,35,左上,groups/group-35_176_177_178_179_180.png,../176/176.png,组35_176_177_178_179_180_抬头看镜头_5角色.png
177,35,中上,groups/group-35_176_177_178_179_180.png,../177/177.png,组35_176_177_178_179_180_抬头看镜头_5角色.png
178,35,右上,groups/group-35_176_177_178_179_180.png,../178/178.png,组35_176_177_178_179_180_抬头看镜头_5角色.png
179,35,左下,groups/group-35_176_177_178_179_180.png,../179/179.png,组35_176_177_178_179_180_抬头看镜头_5角色.png
180,35,中下,groups/group-35_176_177_178_179_180.png,../180/180.png,组35_176_177_178_179_180_抬头看镜头_5角色.png
181,36,左上,groups/group-36_181_182_183_184_185.png,../181/181.png,组36_181_182_183_184_185_抬头看镜头_5角色.png
182,36,中上,groups/group-36_181_182_183_184_185.png,../182/182.png,组36_181_182_183_184_185_抬头看镜头_5角色.png
183,36,右上,groups/group-36_181_182_183_184_185.png,../183/183.png,组36_181_182_183_184_185_抬头看镜头_5角色.png
184,36,左下,groups/group-36_181_182_183_184_185.png,../184/184.png,组36_181_182_183_184_185_抬头看镜头_5角色.png
185,36,中下,groups/group-36_181_182_183_184_185.png,../185/185.png,组36_181_182_183_184_185_抬头看镜头_5角色.png
186,37,左上,groups/group-37_186_187_188_189_190.png,../186/186.png,组37_186_187_188_189_190_抬头看镜头_5角色.png
187,37,中上,groups/group-37_186_187_188_189_190.png,../187/187.png,组37_186_187_188_189_190_抬头看镜头_5角色.png
188,37,右上,groups/group-37_186_187_188_189_190.png,../188/188.png,组37_186_187_188_189_190_抬头看镜头_5角色.png
189,37,左下,groups/group-37_186_187_188_189_190.png,../189/189.png,组37_186_187_188_189_190_抬头看镜头_5角色.png
190,37,中下,groups/group-37_186_187_188_189_190.png,../190/190.png,组37_186_187_188_189_190_抬头看镜头_5角色.png
191,38,左上,groups/group-38_191_192_193_194_195.png,../191/191.png,组38_191_192_193_194_195_抬头看镜头_5角色.png
192,38,中上,groups/group-38_191_192_193_194_195.png,../192/192.png,组38_191_192_193_194_195_抬头看镜头_5角色.png
193,38,右上,groups/group-38_191_192_193_194_195.png,../193/193.png,组38_191_192_193_194_195_抬头看镜头_5角色.png
194,38,左下,groups/group-38_191_192_193_194_195.png,../194/194.png,组38_191_192_193_194_195_抬头看镜头_5角色.png
195,38,中下,groups/group-38_191_192_193_194_195.png,../195/195.png,组38_191_192_193_194_195_抬头看镜头_5角色.png
196,39,左上,groups/group-39_196_197_198_199_200.png,../196/196.png,组39_196_197_198_199_200_抬头看镜头_5角色.png
197,39,中上,groups/group-39_196_197_198_199_200.png,../197/197.png,组39_196_197_198_199_200_抬头看镜头_5角色.png
198,39,右上,groups/group-39_196_197_198_199_200.png,../198/198.png,组39_196_197_198_199_200_抬头看镜头_5角色.png
199,39,左下,groups/group-39_196_197_198_199_200.png,../199/199.png,组39_196_197_198_199_200_抬头看镜头_5角色.png
200,39,中下,groups/group-39_196_197_198_199_200.png,../200/200.png,组39_196_197_198_199_200_抬头看镜头_5角色.png
201,40,左上,groups/group-40_201_202_203_204_205.png,../201/201.png,组40_201_202_203_204_205_抬头看镜头_5角色.png
202,40,中上,groups/group-40_201_202_203_204_205.png,../202/202.png,组40_201_202_203_204_205_抬头看镜头_5角色.png
203,40,右上,groups/group-40_201_202_203_204_205.png,../203/203.png,组40_201_202_203_204_205_抬头看镜头_5角色.png
204,40,左下,groups/group-40_201_202_203_204_205.png,../204/204.png,组40_201_202_203_204_205_抬头看镜头_5角色.png
205,40,中下,groups/group-40_201_202_203_204_205.png,../205/205.png,组40_201_202_203_204_205_抬头看镜头_5角色.png
206,41,左上,groups/group-41_206_207_208_209_210.png,../206/206.png,组41_206_207_208_209_210_抬头看镜头_5角色.png
207,41,中上,groups/group-41_206_207_208_209_210.png,../207/207.png,组41_206_207_208_209_210_抬头看镜头_5角色.png
208,41,右上,groups/group-41_206_207_208_209_210.png,../208/208.png,组41_206_207_208_209_210_抬头看镜头_5角色.png
209,41,左下,groups/group-41_206_207_208_209_210.png,../209/209.png,组41_206_207_208_209_210_抬头看镜头_5角色.png
210,41,中下,groups/group-41_206_207_208_209_210.png,../210/210.png,组41_206_207_208_209_210_抬头看镜头_5角色.png
211,42,左上,groups/group-42_211_212_213_214_215.png,../211/211.png,组42_211_212_213_214_215_抬头看镜头_5角色.png
212,42,中上,groups/group-42_211_212_213_214_215.png,../212/212.png,组42_211_212_213_214_215_抬头看镜头_5角色.png
213,42,右上,groups/group-42_211_212_213_214_215.png,../213/213.png,组42_211_212_213_214_215_抬头看镜头_5角色.png
214,42,左下,groups/group-42_211_212_213_214_215.png,../214/214.png,组42_211_212_213_214_215_抬头看镜头_5角色.png
215,42,中下,groups/group-42_211_212_213_214_215.png,../215/215.png,组42_211_212_213_214_215_抬头看镜头_5角色.png
216,43,左上,groups/group-43_216_217_218_219_220.png,../216/216.png,组43_216_217_218_219_220_抬头看镜头_5角色.png
217,43,中上,groups/group-43_216_217_218_219_220.png,../217/217.png,组43_216_217_218_219_220_抬头看镜头_5角色.png
218,43,右上,groups/group-43_216_217_218_219_220.png,../218/218.png,组43_216_217_218_219_220_抬头看镜头_5角色.png
219,43,左下,groups/group-43_216_217_218_219_220.png,../219/219.png,组43_216_217_218_219_220_抬头看镜头_5角色.png
220,43,中下,groups/group-43_216_217_218_219_220.png,../220/220.png,组43_216_217_218_219_220_抬头看镜头_5角色.png
221,44,左上,groups/group-44_221_222.png,../221/221.png,组44_221_222_抬头看镜头_2角色.png
222,44,中上,groups/group-44_221_222.png,../222/222.png,组44_221_222_抬头看镜头_2角色.png
