组号,角色数量,角色编号（按图内顺序）,尺寸,文件路径,原文件名
01,5,001 / 002 / 003 / 004 / 005,1536 × 1024,groups/group-01_001_002_003_004_005.png,组01_001_002_003_004_005_抬头看镜头_5角色.png
02,5,006 / 007 / 008 / 009 / 010,1536 × 1024,groups/group-02_006_007_008_009_010.png,组02_006_007_008_009_010_抬头看镜头_5角色.png
03,5,011 / 012 / 013 / 014 / 015,1536 × 1024,groups/group-03_011_012_013_014_015.png,组03_011_012_013_014_015_抬头看镜头_5角色.png
04,5,016 / 017 / 019 / 020 / 022,1536 × 1024,groups/group-04_016_017_019_020_022.png,组04_016_017_019_020_022_抬头看镜头_5角色.png
05,5,023 / 024 / 025 / 026 / 027,1536 × 1024,groups/group-05_023_024_025_026_027.png,组05_023_024_025_026_027_抬头看镜头_5角色.png
06,5,028 / 029 / 030 / 031 / 032,1536 × 1024,groups/group-06_028_029_030_031_032.png,组06_028_029_030_031_032_抬头看镜头_5角色.png
07,5,033 / 034 / 035 / 036 / 037,1536 × 1024,groups/group-07_033_034_035_036_037.png,组07_033_034_035_036_037_抬头看镜头_5角色.png
08,5,038 / 039 / 040 / 041 / 042,1536 × 1024,groups/group-08_038_039_040_041_042.png,组08_038_039_040_041_042_抬头看镜头_5角色.png
09,5,043 / 044 / 045 / 046 / 047,1536 × 1024,groups/group-09_043_044_045_046_047.png,组09_043_044_045_046_047_抬头看镜头_5角色.png
10,5,048 / 049 / 050 / 051 / 052,1536 × 1024,groups/group-10_048_049_050_051_052.png,组10_048_049_050_051_052_抬头看镜头_5角色.png
11,5,053 / 054 / 055 / 056 / 057,1536 × 1024,groups/group-11_053_054_055_056_057.png,组11_053_054_055_056_057_抬头看镜头_5角色.png
12,5,058 / 059 / 060 / 061 / 062,1536 × 1024,groups/group-12_058_059_060_061_062.png,组12_058_059_060_061_062_抬头看镜头_5角色.png
13,5,063 / 064 / 065 / 066 / 067,1536 × 1024,groups/group-13_063_064_065_066_067.png,组13_063_064_065_066_067_抬头看镜头_5角色.png
14,5,068 / 069 / 070 / 071 / 072,1536 × 1024,groups/group-14_068_069_070_071_072.png,组14_068_069_070_071_072_抬头看镜头_5角色.png
15,5,073 / 074 / 075 / 076 / 077,1536 × 1024,groups/group-15_073_074_075_076_077.png,组15_073_074_075_076_077_抬头看镜头_5角色.png
16,5,078 / 079 / 080 / 081 / 082,1536 × 1024,groups/group-16_078_079_080_081_082.png,组16_078_079_080_081_082_抬头看镜头_5角色.png
17,5,083 / 084 / 085 / 086 / 087,1536 × 1024,groups/group-17_083_084_085_086_087.png,组17_083_084_085_086_087_抬头看镜头_5角色.png
18,5,088 / 089 / 090 / 091 / 092,1536 × 1024,groups/group-18_088_089_090_091_092.png,组18_088_089_090_091_092_抬头看镜头_5角色.png
19,5,093 / 094 / 095 / 096 / 097,1536 × 1024,groups/group-19_093_094_095_096_097.png,组19_093_094_095_096_097_抬头看镜头_5角色.png
20,5,098 / 099 / 100 / 101 / 102,1536 × 1024,groups/group-20_098_099_100_101_102.png,组20_098_099_100_101_102_抬头看镜头_5角色.png
21,5,103 / 104 / 105 / 106 / 107,1536 × 1024,groups/group-21_103_104_105_106_107.png,组21_103_104_105_106_107_抬头看镜头_5角色.png
22,5,108 / 109 / 110 / 112 / 113,1536 × 1024,groups/group-22_108_109_110_112_113.png,组22_108_109_110_112_113_抬头看镜头_5角色.png
23,5,114 / 115 / 116 / 117 / 118,1536 × 1024,groups/group-23_114_115_116_117_118.png,组23_114_115_116_117_118_抬头看镜头_5角色.png
24,5,119 / 120 / 121 / 122 / 123,1536 × 1024,groups/group-24_119_120_121_122_123.png,组24_119_120_121_122_123_抬头看镜头_5角色.png
25,5,124 / 125 / 126 / 127 / 128,1536 × 1024,groups/group-25_124_125_126_127_128.png,组25_124_125_126_127_128_抬头看镜头_5角色.png
26,5,129 / 130 / 131 / 132 / 133,1536 × 1024,groups/group-26_129_130_131_132_133.png,组26_129_130_131_132_133_抬头看镜头_5角色.png
27,5,134 / 135 / 136 / 137 / 138,1536 × 1024,groups/group-27_134_135_136_137_138.png,组27_134_135_136_137_138_抬头看镜头_5角色.png
28,5,139 / 140 / 141 / 142 / 143,1536 × 1024,groups/group-28_139_140_141_142_143.png,组28_139_140_141_142_143_抬头看镜头_5角色.png
29,5,144 / 145 / 146 / 147 / 148,1536 × 1024,groups/group-29_144_145_146_147_148.png,组29_144_145_146_147_148_抬头看镜头_5角色.png
30,5,149 / 150 / 151 / 152 / 153,1536 × 1024,groups/group-30_149_150_151_152_153.png,组30_149_150_151_152_153_抬头看镜头_5角色.png
31,5,154 / 155 / 156 / 157 / 159,1536 × 1024,groups/group-31_154_155_156_157_159.png,组31_154_155_156_157_159_抬头看镜头_5角色.png
32,5,160 / 161 / 162 / 163 / 164,1536 × 1024,groups/group-32_160_161_162_163_164.png,组32_160_161_162_163_164_抬头看镜头_5角色.png
33,5,166 / 167 / 168 / 169 / 170,1536 × 1024,groups/group-33_166_167_168_169_170.png,组33_166_167_168_169_170_抬头看镜头_5角色.png
34,5,171 / 172 / 173 / 174 / 175,1536 × 1024,groups/group-34_171_172_173_174_175.png,组34_171_172_173_174_175_抬头看镜头_5角色.png
35,5,176 / 177 / 178 / 179 / 180,1536 × 1024,groups/group-35_176_177_178_179_180.png,组35_176_177_178_179_180_抬头看镜头_5角色.png
36,5,181 / 182 / 183 / 184 / 185,1536 × 1024,groups/group-36_181_182_183_184_185.png,组36_181_182_183_184_185_抬头看镜头_5角色.png
37,5,186 / 187 / 188 / 189 / 190,1536 × 1024,groups/group-37_186_187_188_189_190.png,组37_186_187_188_189_190_抬头看镜头_5角色.png
38,5,191 / 192 / 193 / 194 / 195,1536 × 1024,groups/group-38_191_192_193_194_195.png,组38_191_192_193_194_195_抬头看镜头_5角色.png
39,5,196 / 197 / 198 / 199 / 200,1536 × 1024,groups/group-39_196_197_198_199_200.png,组39_196_197_198_199_200_抬头看镜头_5角色.png
40,5,201 / 202 / 203 / 204 / 205,1536 × 1024,groups/group-40_201_202_203_204_205.png,组40_201_202_203_204_205_抬头看镜头_5角色.png
41,5,206 / 207 / 208 / 209 / 210,1536 × 1024,groups/group-41_206_207_208_209_210.png,组41_206_207_208_209_210_抬头看镜头_5角色.png
42,5,211 / 212 / 213 / 214 / 215,1536 × 1024,groups/group-42_211_212_213_214_215.png,组42_211_212_213_214_215_抬头看镜头_5角色.png
43,5,216 / 217 / 218 / 219 / 220,1536 × 1024,groups/group-43_216_217_218_219_220.png,组43_216_217_218_219_220_抬头看镜头_5角色.png
44,2,221 / 222,1536 × 1024,groups/group-44_221_222.png,组44_221_222_抬头看镜头_2角色.png
